station,mean,sum,year
RAGI4,0.0,0,2015
RAII4,0.0,0,2015
RAKI4,7.907169826239943e-05,4,2015
RALI4,0.0,0,2015
RAMI4,0.493493745438071,19607,2015
RAVI4,1.9360334546580963e-05,1,2015
RBFI4,0.0,0,2015
RBUI4,3.833180006133088e-05,2,2015
RCAI4,0.39878641400766207,15510,2015
RCCI4,0.0,0,2015
RCDI4,0.0,0,2015
RCEI4,0.0,0,2015
RCFI4,0.0,0,2015
RCII4,0.0,0,2015
RCLI4,0.0,0,2015
RCMI4,0.0026777208476016375,104,2015
RCNI4,0.4262380295487715,21320,2015
RCRI4,0.0,0,2015
RDAI4,0.0,0,2015
RDBI4,0.0,0,2015
RDCI4,0.3928326553000869,17188,2015
RDEI4,0.2638717308450519,10039,2015
RDMI4,0.0,0,2015
RDNI4,0.0,0,2015
RDSI4,1.0,14852,2015
RDTI4,0.0,0,2015
RDVI4,0.0,0,2015
RDWI4,0.0,0,2015
RDYI4,0.0,0,2015
RETI4,0.0,0,2015
RFDI4,3.153380423814329e-05,1,2015
RGRI4,4.556016219417741e-05,2,2015
RHAI4,0.0,0,2015
RIAI4,0.0,0,2015
RIFI4,0.0,0,2015
RIGI4,0.0,0,2015
RIOI4,0.0,0,2015
RJFI4,0.0,0,2015
RKNI4,0.0019617199512220987,74,2015
RKSI4,0.0021167075576081205,88,2015
RLEI4,0.9213539847055626,47470,2015
RMCI4,0.0,0,2015
RMNI4,0.0,0,2015
RMPI4,0.0,0,2015
RMQI4,0.0,0,2015
RMTI4,0.001667735728030789,13,2015
RMVI4,0.0,0,2015
RMYI4,0.0,0,2015
RNHI4,0.0,0,2015
ROOI4,0.0,0,2015
ROSI4,0.00012936889540524806,6,2015
ROTI4,1.9440124416796266e-05,1,2015
RPFI4,0.3354951555529352,17071,2015
RPLI4,0.0,0,2015
RQCI4,2.451641373899826e-05,1,2015
RROI4,0.03705716586151369,1841,2015
RRWI4,0.6442208462332302,32461,2015
RSBI4,0.0,0,2015
RSCI4,0.0,0,2015
RSDI4,0.0,0,2015
RSGI4,0.0,0,2015
RSLI4,0.0,0,2015
RSMI4,0.33853006681514475,15504,2015
RSNI4,0.0,0,2015
RSOI4,0.0,0,2015
RSPI4,0.0,0,2015
RSWI4,0.0,0,2015
RSYI4,0.0,0,2015
RTMI4,0.9993088064343837,31807,2015
RTNI4,0.26957133399536576,13030,2015
RTOI4,3.890218046721519e-05,2,2015
RTPI4,0.0,0,2015
RURI4,0.0,0,2015
RWBI4,3.695013579174904e-05,2,2015
RWII4,0.0,0,2015
RWLI4,0.30427402749179144,10935,2015
RAGI4,0.0,0,2016
RAII4,0.0,0,2016
RAKI4,0.0,0,2016
RAMI4,0.31890744136666344,16521,2016
RAVI4,2.1431173785388226e-05,1,2016
RBFI4,0.0,0,2016
RBUI4,0.0,0,2016
RCAI4,0.320055427612319,16399,2016
RCCI4,0.0,0,2016
RCDI4,0.0,0,2016
RCEI4,0.9588512749963151,39031,2016
RCFI4,0.21804633833973688,9364,2016
RCII4,0.0,0,2016
RCLI4,0.0,0,2016
RCMI4,0.00459082292213873,201,2016
RCNI4,0.3152946571887182,13750,2016
RCRI4,0.0,0,2016
RDAI4,0.0,0,2016
RDBI4,0.0,0,2016
RDCI4,0.2330868255272528,10212,2016
RDEI4,0.0,0,2016
RDMI4,0.0,0,2016
RDNI4,0.0,0,2016
RDSI4,1.0,43075,2016
RDTI4,0.0,0,2016
RDVI4,0.0,0,2016
RDWI4,0.0,0,2016
RDYI4,0.0,0,2016
RETI4,0.0,0,2016
RFDI4,0.0,0,2016
RGRI4,0.5617085871298734,29233,2016
RHAI4,0.0,0,2016
RIAI4,0.0,0,2016
RIGI4,0.0,0,2016
RIOI4,0.0,0,2016
RJFI4,0.0,0,2016
RKNI4,0.004467307431975091,198,2016
RKSI4,2.9324653235975483e-05,1,2016
RLEI4,0.017998400142209582,810,2016
RMCI4,0.0,0,2016
RMNI4,0.0,0,2016
RMPI4,0.0,0,2016
RMQI4,0.0,0,2016
RMTI4,0.0,0,2016
RMVI4,0.0,0,2016
RNHI4,0.08673692389879073,1786,2016
RONI4,0.0,0,2016
ROOI4,0.0,0,2016
ROSI4,0.0,0,2016
ROTI4,0.0,0,2016
RPFI4,5.32509718302359e-05,2,2016
RPLI4,0.0,0,2016
RQCI4,6.012506012506013e-05,3,2016
RROI4,0.0,0,2016
RRWI4,0.31865305167978797,16352,2016
RSBI4,0.0,0,2016
RSCI4,3.884249368809478e-05,2,2016
RSDI4,0.0,0,2016
RSGI4,0.0,0,2016
RSLI4,0.0,0,2016
RSMI4,0.860134819201995,44149,2016
RSNI4,0.0,0,2016
RSOI4,0.46807774381452216,24348,2016
RSPI4,0.0,0,2016
RSWI4,0.0,0,2016
RSYI4,1.9747235387045812e-05,1,2016
RTMI4,0.24403113312443142,12071,2016
RTNI4,1.0,50374,2016
RTOI4,0.0,0,2016
RTPI4,4.076807044722573e-05,2,2016
RURI4,0.0,0,2016
RWBI4,0.21666030572685455,10786,2016
RWII4,0.0,0,2016
RWLI4,1.0,36018,2016
RAII4,0.0,0,2017
RAKI4,7.725736359246741e-05,4,2017
RALI4,0.40334026396673295,17847,2017
RAMI4,1.9142053176623726e-05,1,2017
RAVI4,0.0,0,2017
RBFI4,0.0,0,2017
RBUI4,0.00010176666938044452,5,2017
RCAI4,0.0,0,2017
RCBI4,0.0030078059726432885,126,2017
RCCI4,0.0,0,2017
RCDI4,0.0,0,2017
RCEI4,0.6875621700206596,35943,2017
RCFI4,0.12890459907019633,6710,2017
RCII4,0.0,0,2017
RCLI4,0.0,0,2017
RCMI4,0.003667411609649877,192,2017
RCNI4,0.0,0,2017
RCRI4,0.0,0,2017
RDAI4,0.0,0,2017
RDBI4,0.0,0,2017
RDCI4,0.0,0,2017
RDEI4,0.0,0,2017
RDMI4,0.0,0,2017
RDNI4,0.0,0,2017
RDSI4,0.915084954836656,45994,2017
RDVI4,0.0,0,2017
RDWI4,1.9559519618198177e-05,1,2017
RDYI4,0.0,0,2017
RETI4,1.9371585758010152e-05,1,2017
RFDI4,0.0,0,2017
RGRI4,0.8808886197983373,37828,2017
RHAI4,2.2832614105988996e-05,1,2017
RIAI4,0.0,0,2017
RIGI4,0.0,0,2017
RIOI4,0.6013798167974336,31119,2017
RJFI4,0.0,0,2017
RKNI4,0.003378119001919386,176,2017
RKSI4,0.00010649627263045793,3,2017
RLEI4,0.0,0,2017
RMCI4,0.0,0,2017
RMNI4,0.0,0,2017
RMPI4,1.9107306634056862e-05,1,2017
RMQI4,0.0,0,2017
RMTI4,0.0,0,2017
RMVI4,0.0,0,2017
RNHI4,0.38695098156333374,19435,2017
ROOI4,0.0,0,2017
ROSI4,0.0,0,2017
ROTI4,0.0,0,2017
RPFI4,0.0,0,2017
RPLI4,0.0,0,2017
RQCI4,0.00033326798666928056,17,2017
RROI4,0.0,0,2017
RRWI4,0.0,0,2017
RSBI4,1.957675065092696e-05,1,2017
RSCI4,1.9874788830368677e-05,1,2017
RSDI4,0.0,0,2017
RSGI4,0.0,0,2017
RSLI4,0.0,0,2017
RSMI4,1.0,52416,2017
RSNI4,0.0,0,2017
RSOI4,0.67201163277095,33737,2017
RSPI4,3.829583532790809e-05,2,2017
RSYI4,0.0,0,2017
RTMI4,9.978247420623042e-05,5,2017
RTNI4,1.0,52122,2017
RTOI4,0.0,0,2017
RTPI4,1.9432191368220593e-05,1,2017
RURI4,0.0,0,2017
RWBI4,1.0,52221,2017
RWII4,0.0,0,2017
RWLI4,1.0,50031,2017
HKYI4,0.0,0,2018
RAKI4,3.907623773983041e-05,2,2018
RALI4,1.9273764551692237e-05,1,2018
RAMI4,4.1573127130622764e-05,1,2018
RAVI4,0.0,0,2018
RBFI4,0.0,0,2018
RBUI4,0.00037198739158525364,19,2018
RCAI4,0.0,0,2018
RCBI4,0.001263593199571144,66,2018
RCCI4,1.9298313327415185e-05,1,2018
RCDI4,0.0,0,2018
RCEI4,5.782017924255565e-05,3,2018
RCFI4,0.0,0,2018
RCII4,1.9203072491598657e-05,1,2018
RCLI4,0.0,0,2018
RCMI4,0.0010380822391818374,54,2018
RCNI4,0.0,0,2018
RCRI4,0.0,0,2018
RDAI4,0.0,0,2018
RDBI4,0.0,0,2018
RDCI4,0.0,0,2018
RDEI4,1.9150117773224307e-05,1,2018
RDMI4,0.0,0,2018
RDNI4,1.9138755980861243e-05,1,2018
RDSI4,0.575649711026907,30080,2018
RDVI4,0.0,0,2018
RDWI4,2.650551314673452e-05,1,2018
RDYI4,0.0,0,2018
RETI4,0.42461074264894255,14917,2018
RFDI4,0.0,0,2018
RGAI4,0.0,0,2018
RGRI4,0.0,0,2018
RHAI4,0.0,0,2018
RIAI4,0.0,0,2018
RIGI4,0.0,0,2018
RIOI4,0.31498200157847117,16363,2018
RJFI4,0.0,0,2018
RKNI4,0.0010240160751202735,53,2018
RKSI4,2.163846453455663e-05,1,2018
RLEI4,1.9392623046193227e-05,1,2018
RMCI4,3.85594200663222e-05,2,2018
RMNI4,0.0,0,2018
RMPI4,1.916700208920323e-05,1,2018
RMQI4,3.8277511961722486e-05,2,2018
RMTI4,0.0,0,2018
RMVI4,2.1955342832678332e-05,1,2018
RNHI4,0.30456950456950455,15830,2018
ROOI4,0.0,0,2018
ROSI4,1.923372826588706e-05,1,2018
ROTI4,0.0009506506675680243,45,2018
RPFI4,0.0,0,2018
RPLI4,0.0,0,2018
RQCI4,0.0,0,2018
RROI4,3.825701059719194e-05,2,2018
RRWI4,2.0874647740319383e-05,1,2018
RSBI4,0.0,0,2018
RSCI4,0.0006564973933191736,34,2018
RSDI4,0.0,0,2018
RSGI4,0.0,0,2018
RSLI4,0.0,0,2018
RSMI4,1.0,49675,2018
RSNI4,0.0,0,2018
RSOI4,0.00030763314747164007,16,2018
RSPI4,0.00021397447868036102,11,2018
RSYI4,1.9305019305019306e-05,1,2018
RTMI4,5.918560606060606e-05,3,2018
RTNI4,0.34352073519190673,17793,2018
RTOI4,0.00028735081703415644,15,2018
RTPI4,1.9164063548034725e-05,1,2018
RURI4,0.0,0,2018
RWBI4,0.37166830164262904,17807,2018
RWII4,0.0,0,2018
RWLI4,0.4151832258562768,21504,2018
SRGI4,0.0,0,2018
VCTI4,6.4e-05,2,2018
HKYI4,3.984857541342897e-05,2,2019
RAKI4,1.9559902200488996e-05,1,2019
RALI4,0.0,0,2019
RAMI4,0.00017342042892652755,9,2019
RAVI4,0.0,0,2019
RBFI4,6.0564460774417575e-05,3,2019
RBUI4,0.0010362264776589572,50,2019
RCAI4,3.893929364121335e-05,2,2019
RCBI4,0.0058553319007156514,297,2019
RCCI4,3.914277326548586e-05,2,2019
RCDI4,0.0001371715231917854,7,2019
RCEI4,7.880996946113684e-05,4,2019
RCFI4,0.0,0,2019
RCII4,3.934297236156192e-05,2,2019
RCLI4,0.0,0,2019
RCMI4,0.00250329892105876,129,2019
RCNI4,1.9757379381198878e-05,1,2019
RCRI4,0.0,0,2019
RDAI4,0.11889812958153907,3617,2019
RDBI4,0.00011769552168539987,6,2019
RDCI4,1.946623581398065e-05,1,2019
RDEI4,0.024729278299665942,1103,2019
RDMI4,0.0,0,2019
RDNI4,0.0,0,2019
RDSI4,0.05410279531109107,2760,2019
RDVI4,0.0,0,2019
RDWI4,1.9449198693013848e-05,1,2019
RDYI4,4.046780785884829e-05,2,2019
RETI4,1.0,49506,2019
RFDI4,0.0,0,2019
RGAI4,0.0,0,2019
RGRI4,0.024368441507967353,1254,2019
RHAI4,0.0004213047141780123,19,2019
RIAI4,0.0,0,2019
RIGI4,5.8371436910205274e-05,3,2019
RIOI4,6.192845199512829e-05,3,2019
RJFI4,0.0,0,2019
RKNI4,0.0013809943159074534,69,2019
RKSI4,0.09070835368832438,4642,2019
RLEI4,0.0,0,2019
RMCI4,0.0,0,2019
RMNI4,2.2024976323150453e-05,1,2019
RMPI4,1.960130936746575e-05,1,2019
RMQI4,0.0,0,2019
RMTI4,6.802721088435374e-05,3,2019
RMVI4,2.1171190244315535e-05,1,2019
RNHI4,0.0,0,2019
ROOI4,0.0,0,2019
ROSI4,2.074860984314051e-05,1,2019
ROTI4,0.0,0,2019
RPFI4,1.9466993712161032e-05,1,2019
RPLI4,2.1107288346666104e-05,1,2019
RQCI4,5.920195761139835e-05,3,2019
RROI4,0.0,0,2019
RRWI4,0.0,0,2019
RSBI4,0.0,0,2019
RSCI4,0.00047849751779412646,24,2019
RSDI4,4.2603953646898434e-05,2,2019
RSGI4,0.0,0,2019
RSLI4,3.904572254109562e-05,2,2019
RSOI4,0.0003385316752804171,15,2019
RSPI4,3.874242101388916e-05,2,2019
RSYI4,3.888100468516106e-05,2,2019
RTMI4,0.000322821459556524,16,2019
RTNI4,0.0,0,2019
RTOI4,0.362095531587057,18800,2019
RTPI4,5.847839223406951e-05,3,2019
RURI4,0.0,0,2019
RWBI4,0.0,0,2019
RWII4,0.3589855187148849,18146,2019
RWLI4,6.016967849335125e-05,3,2019
SRGI4,0.0,0,2019
VCTI4,0.0,0,2019
HKYI4,0.0,0,2020
RAKI4,0.0,0,2020
RALI4,0.0011318314110164924,42,2020
RAMI4,0.0,0,2020
RAVI4,0.00017348394309726667,9,2020
RBFI4,3.839877123932034e-05,2,2020
RBUI4,0.00035310734463276836,18,2020
RCAI4,0.0015340492229707196,46,2020
RCBI4,0.0024757700796468668,129,2020
RCCI4,1.9202335003936477e-05,1,2020
RCDI4,0.0006807488237060767,34,2020
RCEI4,0.0008097165991902834,40,2020
RCFI4,0.0,0,2020
RCII4,5.8456742010911926e-05,3,2020
RCLI4,2.639009843506716e-05,1,2020
RCMI4,0.00034811098597317496,17,2020
RCNI4,0.08457109959700633,4407,2020
RCRI4,0.0,0,2020
RDAI4,0.0,0,2020
RDBI4,0.0066018001420154685,344,2020
RDCI4,0.0,0,2020
RDEI4,0.00034920942865457365,18,2020
RDMI4,0.0,0,2020
RDNI4,2.727768685215494e-05,1,2020
RDSI4,0.014016172506738544,728,2020
RDVI4,7.517854905400326e-05,3,2020
RDWI4,0.00017478443253320905,9,2020
RDYI4,0.0,0,2020
RETI4,0.5262933952228991,27212,2020
RFDI4,0.0,0,2020
RGAI4,0.0,0,2020
RGRI4,0.39559884139110824,20350,2020
RHAI4,6.937378595874572e-05,3,2020
RIAI4,0.0,0,2020
RIGI4,0.00011041183614883516,4,2020
RIOI4,0.0,0,2020
RJFI4,0.0,0,2020
RKNI4,0.0002932952701249438,15,2020
RKSI4,0.001545020730657905,79,2020
RLEI4,1.9640191688270876e-05,1,2020
RMCI4,1.924335142208367e-05,1,2020
RMNI4,0.0,0,2020
RMPI4,2.0167796063246208e-05,1,2020
RMQI4,0.0,0,2020
RMTI4,2.0095655319319964e-05,1,2020
RMVI4,0.0,0,2020
RNHI4,0.0,0,2020
ROSI4,0.0,0,2020
ROTI4,0.0,0,2020
RPFI4,8.144870089322075e-05,3,2020
RPLI4,0.0,0,2020
RQCI4,0.00040735149641770303,17,2020
RROI4,0.0,0,2020
RRWI4,0.00010248789361756643,4,2020
RSBI4,0.0,0,2020
RSCI4,0.0,0,2020
RSDI4,1.983654685392367e-05,1,2020
RSGI4,0.0,0,2020
RSLI4,3.937705499005729e-05,2,2020
RSMI4,0.0,0,2020
RSOI4,0.0006076405903914381,31,2020
RSPI4,3.877171215880893e-05,1,2020
RSYI4,2.5833785424578262e-05,1,2020
RTMI4,3.359876356550079e-05,1,2020
RTNI4,3.917267314321529e-05,2,2020
RTOI4,0.2805583796042856,14350,2020
RTPI4,7.68418019402555e-05,4,2020
RURI4,0.0,0,2020
RWBI4,0.0,0,2020
RWII4,0.6274129248845992,23922,2020
RWLI4,0.0001569920326543428,8,2020
SRGI4,0.0,0,2020
VCTI4,0.0,0,2020
ERYI4,0.0,0,2021
HKYI4,0.0,0,2021
RAKI4,0.0,0,2021
RALI4,0.0,0,2021
RAMI4,0.0,0,2021
RAVI4,3.5850003585000356e-05,2,2021
RBFI4,7.40521327014218e-05,4,2021
RBUI4,0.14760531078102884,8238,2021
RCAI4,0.000523569661846215,29,2021
RCBI4,0.001469784620022989,78,2021
RCCI4,0.0,0,2021
RCDI4,0.0,0,2021
RCEI4,0.0,0,2021
RCFI4,0.0,0,2021
RCII4,7.178364409669257e-05,4,2021
RCLI4,0.0,0,2021
RCMI4,2.4053494972819552e-05,1,2021
RCNI4,0.04731132750966633,2643,2021
RCRI4,0.0,0,2021
RDAI4,0.0,0,2021
RDBI4,5.377500537750054e-05,3,2021
RDCI4,0.0,0,2021
RDEI4,0.0,0,2021
RDMI4,0.0,0,2021
RDNI4,0.0,0,2021
RDSI4,0.0,0,2021
RDVI4,0.0,0,2021
RDWI4,0.0,0,2021
RDYI4,0.0,0,2021
RETI4,0.0,0,2021
RFDI4,0.0,0,2021
RGAI4,0.0,0,2021
RGRI4,0.2172890906806884,12108,2021
RHAI4,6.424533150591056e-05,3,2021
RIAI4,0.0,0,2021
RIGI4,0.0,0,2021
RIOI4,0.0,0,2021
RJFI4,0.0,0,2021
RKNI4,0.0,0,2021
RKSI4,0.00025087357763641253,14,2021
RLEI4,0.0,0,2021
RMCI4,0.0,0,2021
RMNI4,0.0,0,2021
RMPI4,0.0,0,2021
RMQI4,7.462129691814044e-05,2,2021
RMTI4,5.5292404666678955e-05,3,2021
RMVI4,0.0,0,2021
RNHI4,0.0,0,2021
ROOI4,0.0,0,2021
ROSI4,0.0,0,2021
ROTI4,0.0,0,2021
RPFI4,0.0,0,2021
RPLI4,1.7831351081471443e-05,1,2021
RQCI4,0.0,0,2021
RROI4,0.0,0,2021
RRWI4,0.0,0,2021
RSBI4,0.0,0,2021
RSCI4,0.0,0,2021
RSDI4,1.7837076146478068e-05,1,2021
RSGI4,0.0,0,2021
RSLI4,0.0,0,2021
RSMI4,0.0,0,2021
RSNI4,0.0,0,2021
RSOI4,8.981336782166657e-05,5,2021
RSYI4,0.0,0,2021
RTMI4,0.0,0,2021
RTNI4,0.0,0,2021
RTOI4,1.7883648979737827e-05,1,2021
RTPI4,3.571045959361497e-05,2,2021
RURI4,0.0,0,2021
RWBI4,0.0,0,2021
RWII4,0.0,0,2021
RWLI4,0.0,0,2021
SRGI4,0.0,0,2021
VCTI4,0.0,0,2021
ERYI4,0.0,0,2022
HKYI4,0.0,0,2022
RAKI4,0.0,0,2022
RALI4,0.0,0,2022
RAMI4,0.0,0,2022
RAVI4,3.5229874933943984e-05,2,2022
RBFI4,0.0,0,2022
RBUI4,0.5426410393308417,30491,2022
RCAI4,1.7591696719148562e-05,1,2022
RCBI4,0.0,0,2022
RCCI4,0.00039341917024320457,22,2022
RCDI4,7.944231494905761e-05,4,2022
RCEI4,3.574875773066886e-05,2,2022
RCFI4,0.0,0,2022
RCII4,0.0,0,2022
RCLI4,0.0,0,2022
RCMI4,0.0,0,2022
RCNI4,0.2937610776320454,16574,2022
RCRI4,3.594084137509659e-05,2,2022
RDAI4,0.0,0,2022
RDBI4,0.000542947116950809,30,2022
RDCI4,0.0,0,2022
RDEI4,2.3702860935314892e-05,1,2022
RDMI4,0.0,0,2022
RDNI4,0.0,0,2022
RDSI4,0.16772377488164653,9176,2022
RDVI4,1.8313676653725e-05,1,2022
RDWI4,5.3553258715792856e-05,3,2022
RDYI4,1.8859384429692215e-05,1,2022
RETI4,0.0,0,2022
RFDI4,0.00016043924700513405,9,2022
RGAI4,0.0,0,2022
RGRI4,0.9934799445254948,55159,2022
RHAI4,0.0,0,2022
RIAI4,3.567097096382964e-05,2,2022
RIGI4,0.0,0,2022
RIOI4,0.0,0,2022
RJFI4,0.0,0,2022
RKNI4,2.7284385146380725e-05,1,2022
RKSI4,7.954816641476414e-05,1,2022
RLEI4,0.0,0,2022
RMCI4,1.796460971885386e-05,1,2022
RMNI4,0.00012331759565922064,7,2022
RMPI4,1.783516738304589e-05,1,2022
RMQI4,0.0,0,2022
RMTI4,3.716574062029621e-05,2,2022
RMVI4,1.797235851260761e-05,1,2022
RNHI4,0.0,0,2022
ROOI4,0.0,0,2022
ROSI4,0.0,0,2022
ROTI4,0.0,0,2022
RPFI4,0.0,0,2022
RPLI4,5.358961076079384e-05,3,2022
RQCI4,0.0,0,2022
RROI4,0.0,0,2022
RRWI4,0.0,0,2022
RSBI4,1.793046565419304e-05,1,2022
RSCI4,0.000859144380314579,39,2022
RSDI4,1.7337933665065797e-05,1,2022
RSGI4,0.0,0,2022
RSLI4,5.5342384887839434e-05,3,2022
RSMI4,0.0,0,2022
RSNI4,0.0,0,2022
RSOI4,0.0,0,2022
RSPI4,0.0,0,2022
RSYI4,0.0,0,2022
RTMI4,0.0,0,2022
RTNI4,0.0,0,2022
RTOI4,7.027777289737688e-05,4,2022
RTPI4,0.0,0,2022
RURI4,0.00013904096494429672,8,2022
RWBI4,0.0,0,2022
RWII4,0.0,0,2022
RWLI4,1.8181487609316193e-05,1,2022
SRGI4,7.79939944624264e-05,2,2022
VCTI4,0.0,0,2022
ERYI4,0.0,0,2023
HKYI4,1.8176530463865057e-05,1,2023
MSYI4,0.0,0,2023
RAKI4,0.2552885228577155,14011,2023
RALI4,0.0,0,2023
RAMI4,0.0,0,2023
RAVI4,8.75626072641939e-05,5,2023
RBFI4,0.0,0,2023
RBUI4,0.000165553777385354,9,2023
RCAI4,3.596734165377837e-05,2,2023
RCBI4,0.0,0,2023
RCCI4,0.0003514506124026921,20,2023
RCDI4,0.0,0,2023
RCEI4,0.0002445500279485746,14,2023
RCFI4,0.0,0,2023
RCII4,0.0,0,2023
RCLI4,0.0,0,2023
RCNI4,0.32404807172384925,18578,2023
RCRI4,1.7609974289437536e-05,1,2023
RDAI4,0.0,0,2023
RDBI4,0.002740727206285401,150,2023
RDCI4,1.744987523339208e-05,1,2023
RDEI4,0.0,0,2023
RDMI4,0.0,0,2023
RDNI4,0.0,0,2023
RDSI4,0.005520202407421605,216,2023
RDVI4,2.6773044898396293e-05,1,2023
RDWI4,8.752122389679498e-05,5,2023
RDYI4,1.750455118330766e-05,1,2023
RETI4,3.546350805021633e-05,2,2023
RFDI4,0.0,0,2023
RGAI4,0.0,0,2023
RGRI4,0.29589306888002587,13725,2023
RHAI4,1.7664723547076487e-05,1,2023
RIAI4,6.992640246140937e-05,4,2023
RIGI4,0.0,0,2023
RIOI4,0.0,0,2023
RJFI4,7.029012248053843e-05,4,2023
RLEI4,0.00014000210003150046,8,2023
RLSI4,0.0,0,2023
RMCI4,0.0031489137127275924,179,2023
RMNI4,0.00011798249926260937,6,2023
RMPI4,0.00012260267974428585,7,2023
RMQI4,0.0,0,2023
RMTI4,0.00018629606170125564,10,2023
RMVI4,0.0,0,2023
RNHI4,8.765163733258537e-05,5,2023
ROSI4,3.500665126374011e-05,2,2023
ROTI4,0.0,0,2023
RPFI4,0.0,0,2023
RPLI4,0.03011562833438582,1383,2023
RQCI4,0.0,0,2023
RROI4,8.7527352297593e-05,5,2023
RRWI4,0.0,0,2023
RSBI4,0.0,0,2023
RSCI4,7.160075419461085e-05,3,2023
RSDI4,0.0,0,2023
RSGI4,0.0,0,2023
RSLI4,9.431648840850358e-05,5,2023
RSMI4,0.0,0,2023
RSNI4,0.0,0,2023
RSOI4,0.00031520330613245544,18,2023
RSPI4,5.2687038988408854e-05,3,2023
RSYI4,0.0,0,2023
RTFI4,0.0,0,2023
RTNI4,0.00033295364934723563,19,2023
RTOI4,0.00011168192986374804,4,2023
RTPI4,5.265005265005265e-05,3,2023
RURI4,7.006971937077392e-05,4,2023
RVHI4,0.0,0,2023
RVNI4,0.0,0,2023
RWBI4,7.081776817803587e-05,4,2023
RWII4,0.0,0,2023
RWLI4,1.880229387985334e-05,1,2023
SRGI4,9.004952723998198e-05,5,2023
VCTI4,0.0,0,2023
ERYI4,0.0,0,2024
HKYI4,3.2479659613167253e-05,2,2024
MSYI4,0.0,0,2024
RAII4,0.0,0,2024
RAKI4,0.9678941616716893,58455,2024
RALI4,0.0,0,2024
RAMI4,0.0,0,2024
RARI4,0.0,0,2024
RAVI4,9.480769838510887e-05,6,2024
RAWI4,0.0,0,2024
RBFI4,0.0,0,2024
RBMI4,0.0,0,2024
RBUI4,0.7606122063956231,32253,2024
RCAI4,0.00014238929232521716,9,2024
RCBI4,0.0,0,2024
RCCI4,0.0004284422158396674,27,2024
RCDI4,0.0,0,2024
RCEI4,0.0002222654405023199,8,2024
RCFI4,0.0,0,2024
RCGI4,0.0,0,2024
RCII4,0.0,0,2024
RCLI4,0.0,0,2024
RCNI4,0.7331612821002995,46022,2024
RCRI4,0.0,0,2024
RDAI4,0.0,0,2024
RDBI4,2.018774603815484e-05,1,2024
RDCI4,0.00015866719555731853,10,2024
RDEI4,0.0,0,2024
RDMI4,0.0,0,2024
RDNI4,0.0,0,2024
RDSI4,1.7983024025320098e-05,1,2024
RDVI4,0.0,0,2024
RDWI4,7.929459528038568e-05,5,2024
RDYI4,0.0,0,2024
RETI4,1.5952016334864728e-05,1,2024
RFDI4,0.0,0,2024
RGAI4,0.0,0,2024
RGII4,0.0,0,2024
RGRI4,0.0,0,2024
RHAI4,0.0,0,2024
RHUI4,0.0,0,2024
RIAI4,6.329013781427509e-05,4,2024
RIGI4,0.0,0,2024
RIOI4,0.0,0,2024
RJFI4,7.914773716619441e-05,5,2024
RLDI4,0.0,0,2024
RLEI4,0.00017398181099248714,11,2024
RLSI4,0.0,0,2024
RMCI4,0.13894317704432957,7607,2024
RMNI4,0.00014242759930368728,9,2024
RMOI4,0.0,0,2024
RMPI4,9.601075320435889e-05,6,2024
RMQI4,0.507931458624931,23951,2024
RMTI4,0.00013327780091628488,8,2024
RMVI4,0.0,0,2024
RNHI4,0.0,0,2024
ROSI4,1.5829046299960428e-05,1,2024
ROTI4,0.0,0,2024
ROUI4,0.0,0,2024
RPEI4,0.0,0,2024
RPFI4,0.0,0,2024
RPJI4,0.0,0,2024
RPLI4,0.7034467672885222,22511,2024
RPRI4,0.0,0,2024
RQCI4,0.0,0,2024
RRII4,0.0,0,2024
RROI4,0.00014321176245942334,9,2024
RRWI4,0.0,0,2024
RSBI4,1.5846102651052972e-05,1,2024
RSCI4,8.227608563294993e-05,5,2024
RSDI4,6.342662332514073e-05,4,2024
RSGI4,0.0,0,2024
RSLI4,0.0002378762409210568,15,2024
RSMI4,0.0,0,2024
RSOI4,0.0002058069214450812,13,2024
RSPI4,6.333021959753645e-05,4,2024
RSYI4,0.0,0,2024
RTFI4,0.0,0,2024
RTMI4,0.0,0,2024
RTNI4,0.0001106369527422159,7,2024
RTOI4,9.764194698042278e-05,6,2024
RTPI4,5.214036185411127e-05,3,2024
RURI4,4.74961607270079e-05,3,2024
RVHI4,6.427251546557403e-05,4,2024
RVNI4,0.0,0,2024
RWBI4,0.0,0,2024
RWII4,0.0,0,2024
RWLI4,0.0,0,2024
RWMI4,0.0,0,2024
SRGI4,6.349911894972458e-05,4,2024
VCTI4,0.0,0,2024
ERYI4,0.0,0,2025
HKYI4,0.4921892744479495,19503,2025
MSYI4,0.0,0,2025
RAII4,0.0,0,2025
RAKI4,0.8182311448724905,52780,2025
RALI4,0.0,0,2025
RAMI4,0.0,0,2025
RARI4,0.0,0,2025
RAVI4,2.1253533399927737e-05,1,2025
RAWI4,0.0,0,2025
RBFI4,0.0,0,2025
RBMI4,0.0,0,2025
RBUI4,7.76156473144986e-05,5,2025
RCAI4,9.302469805733422e-05,6,2025
RCBI4,0.0,0,2025
RCCI4,0.00023458025772550982,15,2025
RCDI4,0.0,0,2025
RCEI4,1.642791431199895e-05,1,2025
RCFI4,0.0,0,2025
RCGI4,0.0,0,2025
RCII4,1.5486108960262644e-05,1,2025
RCLI4,0.0,0,2025
RCNI4,0.6008123905055736,38753,2025
RCRI4,1.6135278172195687e-05,1,2025
RDAI4,0.0,0,2025
RDBI4,0.0,0,2025
RDCI4,7.753861422988648e-05,5,2025
RDEI4,0.0,0,2025
RDMI4,0.0,0,2025
RDNI4,0.0,0,2025
RDSI4,0.0,0,2025
RDVI4,0.0,0,2025
RDWI4,4.657155719763417e-05,3,2025
RDYI4,1.5524093392945852e-05,1,2025
RETI4,3.101304098373366e-05,2,2025
RFDI4,0.0,0,2025
RGAI4,0.0,0,2025
RGII4,0.0,0,2025
RGRI4,0.0,0,2025
RHAI4,0.0,0,2025
RHUI4,0.0,0,2025
RIAI4,4.9006795608991115e-05,3,2025
RIGI4,0.0,0,2025
RIOI4,0.0,0,2025
RJFI4,0.00012499414089964532,8,2025
RLDI4,0.0,0,2025
RLEI4,7.76252872135627e-05,5,2025
RLSI4,0.0,0,2025
RMCI4,0.0,0,2025
RMNI4,0.027850655903128154,1794,2025
RMOI4,0.0,0,2025
RMPI4,3.1184220784283154e-05,2,2025
RMQI4,8.353869930245185e-05,2,2025
RMTI4,0.0001472778150517927,9,2025
RMVI4,0.0,0,2025
RNHI4,0.0,0,2025
ROSI4,1.5516626064828464e-05,1,2025
ROTI4,0.0,0,2025
ROUI4,0.0,0,2025
RPEI4,0.0,0,2025
RPFI4,0.0,0,2025
RPJI4,0.0,0,2025
RPLI4,0.7509955201592833,12070,2025
RPRI4,0.0,0,2025
RQCI4,0.0,0,2025
RRII4,0.0,0,2025
RROI4,0.14986653814784606,8085,2025
RRWI4,0.0,0,2025
RSBI4,1.552385239921139e-05,1,2025
RSCI4,0.001011283798169044,57,2025
RSDI4,0.0,0,2025
RSGI4,0.0,0,2025
RSLI4,0.0001036305226432692,6,2025
RSMI4,0.0,0,2025
RSOI4,9.741683038106217e-05,6,2025
RSPI4,1.553349798841201e-05,1,2025
RSYI4,0.0,0,2025
RTFI4,0.0,0,2025
RTMI4,0.0,0,2025
RTNI4,0.00013961713877943594,9,2025
RTOI4,9.32690812995492e-05,6,2025
RTPI4,4.6702056447218896e-05,3,2025
RURI4,0.00010881561970495422,7,2025
RVHI4,0.0,0,2025
RVNI4,1.5535187199005747e-05,1,2025
RWBI4,0.0,0,2025
RWII4,0.0,0,2025
RWLI4,0.0,0,2025
RWMI4,0.0,0,2025
SRGI4,7.791560182010845e-05,5,2025
VCTI4,0.0,0,2025
